Business Name;Website;Telephone;Address
Bellini Baby & Teen Furniture-;http://www.belliniofatlanta.com/index.html;(470) 231-3465;5285 Roswell RdAtlanta, GA 30342
Fowler Design Associates Inc;http://www.fowlerdesignassociates.com;(404) 347-2255;1718 Peachtree St NW Ste 995Atlanta, GA 30309
Finishing Touch Interior Carpentry LLC;https://finishingtouchinteriorcarpentry.com;(770) 536-5675;1445 Woodmont Ln NW #1183Atlanta, GA 30318
Masterpiece Installation Services;;(770) 901-2232;2933 Amwiler CtAtlanta, GA 30360
The Framers on Peachtree;;(404) 800-3309;2351 Peachtree Rd NEAtlanta, GA 30305
Habachy Designs Inc;http://www.habachydesigns.com;(404) 220-7597;434 Marietta St NW Apt 406Atlanta, GA 30313
C Weaks Interiors;http://www.cweaksint.com;(404) 233-6040;349 Peachtree Hills Ave NEAtlanta, GA 30305
Veenendaalcave Inc;http://www.vcave.com;(404) 881-1811;1170 Peachtree St NEAtlanta, GA 30309
Decor Decor;http://decor-decor.com;(770) 457-8000;3580 Broad StAtlanta, GA 30341
Justin Lowery Design;;(888) 243-2384;390 Stovall St SE Unit 1106Atlanta, GA 30316
Hughes Litton & Godwin;;(404) 892-7782;1170 Peachtree St NE Ste 225Atlanta, GA 30309
Stanley Ellis Inc;;(404) 872-5510;145 15th St NEAtlanta, GA 30309
jgid Inc.;;(877) 314-1989;1192 Huff Rd NW Ste 4Atlanta, GA 30318
Peace Design Inc;http://www.peacedesign.com;(404) 237-8681;349 Peachtree Hills Ave NEAtlanta, GA 30305
J Nelson Inc;http://www.jnelsoninc.com;(404) 477-2225;351 Peachtree Hills Ave NEAtlanta, GA 30305
Robert Brown Interior Design;http://www.robertbrownid.com;(404) 917-1333;425 Peachtree Hills Ave NEAtlanta, GA 30305
Mathison Mallory Inc;http://www.mallorymathison.com;(404) 816-3860;452 E Paces Ferry Rd NEAtlanta, GA 30305
Tillman Long Interiors;http://tillmanlonginteriors.com;(404) 467-0340;3179 Maple Dr NE Ste 2Atlanta, GA 30305
McLean Patricia Interiors Inc;https://www.mcleaninteriors.com/contact;(404) 266-9772;3179 Maple Dr NEAtlanta, GA 30305
Des Syn Inc;;(404) 365-8131;26 E Andrews Dr NWAtlanta, GA 30305
Home Staging Services;;(404) 333-8728;1266 W Paces Ferry Rd NW Ste 267Atlanta, GA 30327
Jackie Naylor Interiors Inc;;(404) 814-1973;4287 Glengary Dr NEAtlanta, GA 30342
Decor & You;http://www.decorandyou.com;(404) 633-3545;2527 Brookline Cir NEAtlanta, GA 30319
Sims Patrick Studio;http://www.simspatrickstudio.com;(404) 261-6043;267 W Wieuca Rd NEAtlanta, GA 30342
Wegman Interiors;;(404) 731-1100;1087 Riverbend Club Dr SEAtlanta, GA 30339
Nandina Home & Design;http://nandinahome.com;(404) 521-9303;245 N Highland Ave NEAtlanta, GA 30307
Interior Classics;http://www.interiorclassics.net;(678) 464-5975;690 Miami Cir NEAtlanta, GA 30324
Bocroom;http://www.bocroom.com;(404) 748-1350;4609 Wieuca Rd NEAtlanta, GA 30342
Terry Taylor Custom Interiors;;(404) 352-1893;2110 Peachtree Rd NWAtlanta, GA 30309
Hillsman Inc.;http://www.hillsmaninc.com;(678) 608-3098;870 Northside Dr NWAtlanta, GA 30318
M One Design Group;;(404) 475-2517;260 Peachtree St NWAtlanta, GA 30303
TVS Interiors Inc;http://www.tvsdesign.com;(404) 888-6600;1230 Peachtree St NEAtlanta, GA 30309
Hirsch Bedner Associates Design;https://www.hba.com;(404) 873-4379;171 17th St NWAtlanta, GA 30363
Mark Sunderland Interiors;;(404) 274-5091;792 Verner St NWAtlanta, GA 30318
Jeffrey Bruce Baker Designs;https://www.jeffreybrucebaker.com/contact;(404) 351-1232;1904 Monroe Dr NEAtlanta, GA 30324
Ciot - Atlanta;https://ciot.com/en/stores/ciot-atlanta-showroom;(404) 941-7420;2060 Defoor Hills Rd NWAtlanta, GA 30318
Custom Home Gyms;http://www.customgymsonline.com;(678) 472-3719;65 Abington Ct NWAtlanta, GA 30327
Etalon Studio;;(470) 399-3217;3535 Peachtree Rd NE, Ste 520-271Atlanta, GA 30326
Interior Philosophy;https://interiorphilosophy.com;(404) 851-0047;4411 Roswell Rd NEAtlanta, GA 30342
Melanie Turner Interior;http://www.melanieturnerinteriors.com;(404) 250-0134;130 W Wieuca Rd NE Ste 209Atlanta, GA 30342
Rubio Design STUDIO;http://www.rjtplusr.com;(770) 661-1492;300 Galleria Pkwy SE Ste 740Atlanta, GA 30339
Level 5;http://www.level5.com;(404) 761-0008;2018 Powers Ferry Rd SE Suite 750Atlanta, GA 30339
BoldForm Designs;http://www.boldformdesigns.com/index.php;(818) 462-3724;102 Beverly PlAtlanta, GA 30328
November Interiors;http://www.novemberinteriors.com;(770) 595-1782;5865 Greenbrier Rd NEAtlanta, GA 30328
Karlus Concept LLC;;(509) 424-2832;70 Perimeter Ctr E Unit 1505Atlanta, GA 30346
Pineapple House Interior Design, Inc.;https://pineapplehouse.com;(404) 897-5551;3595 Mccall PlAtlanta, GA 30340
De-clutter & DÃ©cor;http://www.declutterdecor.com;(770) 634-3080;1510 Trotters CVAtlanta, GA 30338
Living Interior By Ridge Inc;http://www.livinginteriorsbyridge.com;(770) 828-9521;8343 Roswell RdAtlanta, GA 30350
Accessory Land;;(404) 688-3127;20 Broad St SW Ste DAtlanta, GA 30303
Ideaspan;http://www.idea-span.com;(404) 522-8899;100 Peachtree St NWAtlanta, GA 30303
Visual Images Design Studio;;(404) 202-9231;300 Martin Luther King Jr Dr SE Apt 137Atlanta, GA 30312
Crush Interior Design;;(206) 984-2132;121 Luckie St NW Ste 100Atlanta, GA 30303
Thomas Home Decors & Beyond;;(404) 749-5059;240 Peachtree St NWAtlanta, GA 30303
Decor Accent;;(214) 658-7299;240 Peachtree St NWAtlanta, GA 30303
D And D Home Interiors;;(404) 975-3562;240 Peachtree St NWAtlanta, GA 30343
Facilitec;http://www.facilitecusa.com;(404) 816-6464;260 Peachtree St NWAtlanta, GA 30303
InSight Design Interiors Inc;;(404) 688-1900;309 Highland Ave NEAtlanta, GA 30312
Bo Unlimited;http://www.bounlimited.com;(404) 249-6363;120 Ralph McGill Blvd NEAtlanta, GA 30308
American Society-Interior;http://at.asdnet.com;(404) 688-3318;55 Ivan Allen Jr Blvd NWAtlanta, GA 30308
Intown Staging;;(404) 624-6187;660 Edgewood Ave SEAtlanta, GA 30312
Laslie-Williams;;(404) 524-2550;659 Auburn Ave NEAtlanta, GA 30312
Holt Interiors;http://holt-interiors.com;(404) 351-5682;659 Auburn Ave NEAtlanta, GA 30312
Traci Rhodes Interiors;http://www.trinteriors.net;(404) 971-4423;112 Krog St NEAtlanta, GA 30307
Reiner White Design Studio;;(404) 600-4163;130 Krog St NE Ste FAtlanta, GA 30307
Smith Boyd Interiors;http://www.smithboydinteriors.com;(404) 589-1577;455 Glen Iris Dr NEAtlanta, GA 30308
Mmi Designs;;(404) 500-3972;880 Glenwood Ave SE Ste EAtlanta, GA 30316
In Sight Design Interiors Inc;https://www.insightinc.net;(404) 688-1900;730 Peachtree St NE Ste 350Atlanta, GA 30308
Cloud Interiors;http://www.cloudinteriors.com;(404) 702-3882;245 N Highland Ave NEAtlanta, GA 30307
CD & Associates;http://cdandassociates.net;(404) 682-2608;245 N Highland Ave NEAtlanta, GA 30307
Robin Gonzalez Interior Designer;;(404) 585-0952;880 Confederate Ave SEAtlanta, GA 30312
Black Sheep Interiors;;(404) 622-9001;466 Hamilton St SEAtlanta, GA 30316
Traci Rhoads Interiors;https://livebooks.com;(404) 971-4423;640 Glen Iris Dr NEAtlanta, GA 30308
Insight;https://www.insightinc.net;(404) 688-1900;309 N Highland Ave NEAtlanta, GA 30307
Douglas Weiss Interiors;http://www.douglasweiss.com;(404) 659-8464;952 Euclid Ave NEAtlanta, GA 30307
Cg Creative Interiors;http://www.cgcreativeinteriors.com;(404) 518-1432;828 Ralph Mcgill Blvd NE Apt 312Atlanta, GA 30306
Clay Snider Interiors;;(404) 541-9495;397 7th St NEAtlanta, GA 30308
Sew Unique Inc;;(404) 699-1323;Po Box 310736Atlanta, GA 31131
Sherry McLoon Interior Design;;(404) 377-6454;PO Box 19139Atlanta, GA 31126
Home Styles;;(404) 629-0922;Po Box 771Atlanta, GA 30301
Cliff Just Inc;http://www.stonemountaingeorgiahomes.com;(404) 307-9269;575 Linwood Ave NEAtlanta, GA 30306
Orchestrate;http://www.orch3strate.com;(470) 225-8327;781 Wheeler St NWAtlanta, GA 30318
Interiors Market;;(404) 352-0055;Peachtree St NEAtlanta, GA 30309
Been There Done That Interior Designer;;(404) 478-6735;931 Monroe Dr NE Ste 243Atlanta, GA 30308
Strata;;(404) 549-2420;1000 Marietta St NWAtlanta, GA 30318
Stan Topol & Associates Inc;http://www.stantopol.com;(404) 885-9889;1100 Spring St NWAtlanta, GA 30309
ATI Designs;http://balancedesignatlanta.com;(470) 355-0187;1165 Mclendon Ave NEAtlanta, GA 30307
The Hidden Valley Designs;;(404) 309-7259;1175 Sylvan Rd SWAtlanta, GA 30310
Donna;;(404) 449-3103;1100 Peachtree St NE Ste 250Atlanta, GA 30309
Chase Interiors;;(404) 688-3232;484 Moreland Ave NEAtlanta, GA 30307
Nelson;http://www.nelsononline.com;(404) 881-1811;1170 Peachtree St NEAtlanta, GA 30309
